{
  "pages": [
    //pages数组中第一项表示应用启动页，参考：https://uniapp.dcloud.io/collocation/pages
    // {
    //   "path": "pages/withdrawal/orderDetail",
    //   "style": {
    //     //"navigationBarTitleText": ""
    //   }
    // },
    {
      "path": "pages/initPage/index",
      "style": {
        //"navigationBarTitleText": "uni-app"
      }
    },
    {
      "path": "pages/pageIndex/index",
      "style": {
        //"navigationBarTitleText": "uni-app"
      }
    },
    {
      "path": "pages/index/index",
      "style": {
        //"navigationBarTitleText": "uni-app"
      }
    },
    {
      "path": "pages/trade/index",
      "style": {
        //"navigationBarTitleText": "uni-app"
      }
    },
    {
      "path": "pages/login/chooseLanguage",
      "style": {
        //"navigationBarTitleText": "uni-app"
      }
    },
    {
      "path": "pages/externalLinks/index",
      "style": {
        "navigationBarTitleText": "网页",
        "navigationStyle":"default"

      }
    },
    {
      "path": "pages/miningEarnings/index",
      "style": {
        //"navigationBarTitleText": "uni-app"
      }
    },

    {
      "path": "pages/aboutUs/index",
      "style": {
        //"navigationBarTitleText": ""
      }
    },
    {
      "path": "pages/sub/index",
      "style": {
        //"navigationBarTitleText": "uni-app"
      }
    },
    {
      "path": "pages/sub/success",
      "style": {
        //"navigationBarTitleText": "uni-app"
      }
    },
    {
      "path": "pages/chooseCountry/chooseCountry",
      "style": {
        //"navigationBarTitleText": ""
      }
    },

    {
      "path": "pages/changePhone/index",
      "style": {
        //"navigationBarTitleText": ""
      }
    },
    {
      "path": "pages/changeEmail/index",
      "style": {
        //"navigationBarTitleText": "uni-app"
      }
    },
    {
      "path": "pages/earnings/index",
      "style": {
        //"navigationBarTitleText": ""
      }
    },
    {
      "path": "pages/withdrawal/withdrawal",
      "style": {
        //"navigationBarTitleText": ""
      }
    },
    {
      "path": "pages/withdrawal/orderDetail",
      "style": {
        //"navigationBarTitleText": ""
      }
    },
    
    {
      "path": "pages/withdrawal/success",
      "style": {
        //"navigationBarTitleText": ""
      }
    },
    {
      "path": "pages/promotion/promotion",
      "style": {
        //"navigationBarTitleText": ""
      }
    },
    {
      "path": "pages/index/index",
      "style": {
        //"navigationBarTitleText": "uni-app"
      }
    },
    {
      "path": "pages/receipt/index",
      "style": {
        //"navigationBarTitleText": "uni-app"
      }
    },
    {
      "path": "pages/quotes/quotes",
      "style": {
        "navigationBarTitleText": "行情"
      }
    },
    {
      "path": "pages/user/user",
      "style": {
        "navigationBarTitleText": "我的"
      }
    },
    {
      "path": "pages/user/personalInfo",
      "style": {

      }
    },
    {
      "path": "pages/regs/regs",
      "style": {
        //"navigationBarTitleText": ""
      }
    },
    {
      "path": "pages/login/login",
      "style": {
        //"navigationBarTitleText": ""
      }
    },
    {
      "path": "pages/login/loginOrRegs",
      "style": {

      }
    },
    {
      "path": "pages/directPush/directPush",
      "style": {
        //"navigationBarTitleText": "资产"
      }
    },
    {
      "path": "pages/login/forgetPassword",
      "style": {
        //"navigationBarTitleText": "资产"
      }
    },
    {
      "path": "pages/login/forgetPassword"
	},
    {
	  "path": "pages/myteam/index",
      "style": {
        //"navigationBarTitleText": ""
      }
    },
	{
      "path": "pages/noticedetails/index",
      "style": {
        //"navigationBarTitleText": ""
      }
    },
    {
      "path": "pages/noticedetails/index"
	},
	{
      "path": "pages/noticelist/index",
      "style": {
        //"navigationBarTitleText": ""
		    "enablePullDownRefresh": true
      }
    },
    {
      "path": "pages/noticelist/index",
      "style": {
        "onReachBottomDistance":50
      }
	},
	{
      "path": "pages/property/property",
      "style": {
        "navigationBarTitleText": "资产"
      }
    },
    {
      "path": "pages/record/record",
      "style": {
        //"navigationBarTitleText": ""
      }
    },
    {
      "path": "pages/property/property"
	},
	{
      "path": "pages/set/index",
      "style": {
//        "navigationBarTitleText": "资产"
      }
    },
    {
      "path": "pages/record/record",
      "style": {
        //"navigationBarTitleText": ""
      }
    },
    {
      "path": "pages/addrecord/index",
      "style": {

      }
    },
	{
      "path": "pages/trades/index",
      "style": {
        //"navigationBarTitleText": "uni-app"
      }
    },
    {
      "path": "pages/trades/index",
      "style": {
        "navigationBarTitleText": "交易"
      }
    },
	{
      "path": "pages/welcome/index",
      "style": {
        //"navigationBarTitleText": "uni-app"
      }
    },
    {
      "path": "pages/bonus/bonus",
      "style": {
        //"navigationBarTitleText": "uni-app"
      }
    },
    {
      "path": "pages/bonus/bonus",
      "style": {
        //"navigationBarTitleText": "uni-app"
		}
	},
	{
      "path":"pages/bonus/promoteBonus",
      "style": {

      }
    },
    {
      "path":"pages/auth/auth",
      "style": {

      }
    },
    {
      "path":"pages/historylist/index",
      "style": {

      }
    },
    {
      "path":"pages/connectus/index"
    },



    //黑夜
    {
      "path": "blackPages/pageIndex/index",
      "style": {
        //"navigationBarTitleText": "uni-app"
      }
    },
    {
      "path": "blackPages/index/index",
      "style": {
        //"navigationBarTitleText": "uni-app"
      }
    },

    {
      "path": "blackPages/externalLinks/index",
      "style": {
        "navigationBarTitleText": "网页",
        "navigationStyle":"default"

      }
    },
    {
      "path": "blackPages/miningEarnings/index",
      "style": {
        //"navigationBarTitleText": "uni-app"
      }
    },
    {
      "path": "blackPages/login/chooseLanguage",
      "style": {
        //"navigationBarTitleText": "uni-app"
      }
    },
    {
      "path": "blackPages/aboutUs/index",
      "style": {
        //"navigationBarTitleText": ""
      }
    },
    {
      "path": "blackPages/sub/index",
      "style": {
        //"navigationBarTitleText": "uni-app"
      }
    },
    {
      "path": "blackPages/sub/success",
      "style": {
        //"navigationBarTitleText": "uni-app"
      }
    },
    {
      "path": "blackPages/chooseCountry/chooseCountry",
      "style": {
        //"navigationBarTitleText": ""
      }
    },

    {
      "path": "blackPages/changePhone/index",
      "style": {
        //"navigationBarTitleText": ""
      }
    },
    {
      "path": "blackPages/changeEmail/index",
      "style": {
        //"navigationBarTitleText": "uni-app"
      }
    },
    {
      "path": "blackPages/earnings/index",
      "style": {
        //"navigationBarTitleText": ""
      }
    },
    {
      "path": "blackPages/withdrawal/withdrawal",
      "style": {
        //"navigationBarTitleText": ""
      }
    },
    {
      "path": "blackPages/withdrawal/orderDetail",
      "style": {
        //"navigationBarTitleText": ""
      }
    },
//    {
//      "path": "blackPages/withdrawal/success",
//      "style": {
//        //"navigationBarTitleText": ""
//      }
//    },
    {
      "path": "blackPages/promotion/promotion",
      "style": {
        //"navigationBarTitleText": ""
      }
    },
    {
      "path": "blackPages/trade/index",
      "style": {
        //"navigationBarTitleText": "uni-app"
      }
    },
    {
      "path": "blackPages/receipt/index",
      "style": {
        //"navigationBarTitleText": "uni-app"
      }
    },
    {
      "path": "blackPages/quotes/quotes",
      "style": {
        "navigationBarTitleText": "行情"
      }
    },
    {
      "path": "blackPages/user/user",
      "style": {
        "navigationBarTitleText": "我的"
      }
    },
    {
      "path": "blackPages/user/personalInfo",
      "style": {

      }
    },
    {
      "path": "blackPages/regs/regs",
      "style": {
        //"navigationBarTitleText": ""
      }
    },
    {
      "path": "blackPages/login/login",
      "style": {
        //"navigationBarTitleText": ""
      }
    },
    {
      "path": "blackPages/login/loginOrRegs",
      "style": {

      }
    },
    {
      "path": "blackPages/directPush/directPush",
      "style": {
        //"navigationBarTitleText": "资产"
      }
    },
    {
      "path": "blackPages/login/forgetPassword",
      "style": {
        //"navigationBarTitleText": "资产"
      }
    },
    {
      "path": "blackPages/login/forgetPassword"
    },
    {
      "path": "blackPages/myteam/index",
      "style": {
        //"navigationBarTitleText": ""
      }
    },
    {
      "path": "blackPages/noticedetails/index",
      "style": {
        //"navigationBarTitleText": ""
      }
    },
    {
      "path": "blackPages/noticedetails/index"
    },
    {
      "path": "blackPages/noticelist/index",
      "style": {
        //"navigationBarTitleText": ""
        "enablePullDownRefresh": true
      }
    },
    {
      "path": "blackPages/noticelist/index"
    },
    {
      "path": "blackPages/property/property",
      "style": {
        "navigationBarTitleText": "资产"
      }
    },
    {
      "path": "blackPages/record/record",
      "style": {
        //"navigationBarTitleText": ""
      }
    },
    {
      "path": "blackPages/property/property"
    },
    {
      "path": "blackPages/set/index",
      "style": {
        //"navigationBarTitleText": "资产"
      }
    },
    {
      "path": "blackPages/record/record",
      "style": {
        //"navigationBarTitleText": ""
      }
    },
    {
      "path": "blackPages/addrecord/index",
      "style": {

      }
    },
    {
      "path": "blackPages/trades/index",
      "style": {
        //"navigationBarTitleText": "uni-app"
      }
    },
    {
      "path": "blackPages/trades/index",
      "style": {
        "navigationBarTitleText": "交易"
      }
    },
//    {
//      "path": "blackPages/welcome/index",
//      "style": {
//        //"navigationBarTitleText": "uni-app"
//      }
//    },
    {
      "path": "blackPages/bonus/bonus",
      "style": {
        //"navigationBarTitleText": "uni-app"
      }
    },
    {
      "path": "blackPages/bonus/bonus",
      "style": {
        //"navigationBarTitleText": "uni-app"
      }
    },
    {
      "path":"blackPages/bonus/promoteBonus",
      "style": {

      }
    },
    {
      "path":"blackPages/auth/auth",
      "style": {

      }
    },
    {
      "path":"blackPages/historylist/index",
      "style": {

      }
    },
    {
      "path":"blackPages/connectus/index"
    }



//   {
//      "path":"blackPages/changePhone/index"
//      //"style":
//    },
//    {
//      "path":"pages/bonus/promoteBonus",
//      "style": {
//
//      }
//    },
//
//
//
//   {
//      "path":"blackPages/changePhone/index"
//      //"style":
//    },
//    {
//      "path": "blackPages/sub/index"
//	},
//	{
//      "path": "blackPages/sub/index",
//      "style": {
//        //"navigationBarTitleText": "uni-app"
//      }
//    },
//
//    {
//      "path": "blackPages/receipt/index",
//      "style": {
//        //"navigationBarTitleText": "uni-app"
//      }
//    },
//    {
//      "path": "blackPages/addrecord/index",
//      "style": {
//
//      }
//    },
//    {
//      "path": "blackPages/receipt/index"
//	},
//	{
//      "path": "blackPages/changeEmail/index",
//      "style": {
//        //"navigationBarTitleText": "uni-app"
//      }
//    },
//    {
//
//      "path": "blackPages/changeEmail/index"
//	},
//	{
//      "path": "blackPages/sub/index",
//      "style": {
//        //"navigationBarTitleText": "uni-app"
//      }
//    },
//    {
//      "path": "blackPages/sub/index"
//	},
//	{
//      "path": "blackPages/set/index",
//      "style": {
//        //"navigationBarTitleText": "uni-app"
//      }
//    },
//	{
//      "path":"blackPages/changePhone/index"
//      //"style":
//    },
//	{
//      "path": "blackPages/set/index"
//	},
//	{
//      "path": "blackPages/user/user",
//      "style": {
//        "navigationBarTitleText": "我的"
//      }
//    },
//	{
//      "path":"blackPages/changePhone/index"
//      //"style":
//    },
//    {
//      "path": "blackPages/user/user",
//      "style": {
//        "navigationBarTitleText": "我的"
//      }
//    },
//    {
//      "path": "blackPages/user/personalInfo"
//	},
//	{
//      "path": "blackPages/user/personalInfo",
//      "style": {
//
//      }
//    },
//    {
//      "path": "blackPages/chooseCountry/chooseCountry",
//      "style": {
//
//      }
//    },
//	{
//      "path": "blackPages/chooseCountry/chooseCountry"
//	},
//	{
//      "path": "blackPages/directPush/directPush",
//      "style": {
//        //"navigationBarTitleText": ""
//      }
//    },
//    {
//      "path": "blackPages/directPush/directPush"
//	},
//	{
//      "path": "blackPages/promotion/promotion",
//      "style": {
//        //"navigationBarTitleText": ""
//      }
//    },
//	{
//      "path": "blackPages/promotion/promotion"
//	},
//	{
//      "path": "blackPages/quotes/quotes",
//      "style": {
//        //"navigationBarTitleText": ""
//      }
//    },
//    {
//      "path": "blackPages/quotes/quotes"
//	},
//	{
//      "path": "components/success/success",
//      "style": {
//        //"navigationBarTitleText": ""
//      }
//    },
//    {
//      "path": "components/success/success"
//	},
//	{
//      "path": "blackPages/index/index",
//      "style": {
//        //"navigationBarTitleText": "uni-app"
//      }
//    },
//    {
//      "path": "blackPages/index/index"
//	},
//	{
//      "path": "blackPages/sub/index",
//      "style": {
//        //"navigationBarTitleText": "uni-app"
//      }
//    },
//
//    {
//      "path": "blackPages/sub/index",
//      "style": {
//        //"navigationBarTitleText": "uni-app"
//      }
//    },
//
//    {
//      "path": "blackPages/withdrawal/withdrawal",
//      "style": {
//        //"navigationBarTitleText": ""
//      }
//    },
//    {
//      "path": "blackPages/regs/regs",
//      "style": {
//        //"navigationBarTitleText": ""
//      }
//    },
//    {
//      "path": "blackPages/login/login",
//      "style": {
//        //"navigationBarTitleText": ""
//      }
//    },
//    {
//      "path": "blackPages/login/loginOrRegs",
//      "style": {
//
//      }
//    },
//    {
//      "path": "blackPages/property/property",
//      "style": {
//        "navigationBarTitleText": "资产"
//      }
//    },
//
//    {
//      "path": "blackPages/login/forgetPassword",
//      "style": {
//        //"navigationBarTitleText": ""
//      }
//    },
//
//    {
//      "path": "blackPages/bonus/bonus",
//      "style": {
//        //"navigationBarTitleText": ""
//      }
//    },
//	{
//	  "path": "blackPages/trades/index",
//	  "style": {
//	    //"navigationBarTitleText": ""
//	  }
//	},
//	{
//	  "path": "blackPages/historylist/index",
//	  "style": {
//	    //"navigationBarTitleText": ""
//	  }
//	},
//	{
//	  "path": "blackPages/myteam/index",
//	  "style": {
//	    //"navigationBarTitleText": ""
//	  }
//	},
//	{
//	  "path": "blackPages/noticedetails/index",
//	  "style": {
//	    //"navigationBarTitleText": ""
//	  }
//	},
//	{
//	  "path": "blackPages/noticelist/index",
//	  "style": {
//	    //"navigationBarTitleText": ""
//	  }
//	},{
//      "path":"blackPages/auth/auth",
//      "style": {
//
//      }
//    }
  ],
  // "tabBar": {
  //   // "color":"#8a8a8a",
  //   // "selectedColor":"#d4237a",
  //   "borderStyle": "white",
  //   "backgroundColor": "#ffffff",
  //   "height":"75px",
  //   "iconWidth":"35px",
  //   "list": [
  //     {
  //       "pagePath": "pages/index/index",
  //       "text": "首页",
  //       "iconPath": "static/images/tabIcon/home_normal.png",
  //       "selectedIconPath": "static/images/tabIcon/home.png"
  //     },
  //     {
  //       "pagePath": "pages/quotes/quotes",
  //       "text": "行情",
  //       "iconPath": "static/images/tabIcon/market_normal.png",
  //       "selectedIconPath": "static/images/tabIcon/market.png"
  //     },
  //     {
  //       "pagePath": "pages/trades/index",
  //       "text": "交易",
  //       "iconPath": "static/images/tabIcon/deal_normal.png",
  //       "selectedIconPath": "static/images/tabIcon/deal.png"
  //     },
  //     {
  //       "pagePath": "pages/property/property",
  //       "text": "资产",
  //       "iconPath": "static/images/tabIcon/property_normal.png",
  //       "selectedIconPath": "static/images/tabIcon/property.png"
  //     },
  //     {
  //       "pagePath": "pages/user/user",
  //       "text": "我的",
  //       "iconPath": "static/images/tabIcon/user_normal.png",
  //       "selectedIconPath": "static/images/tabIcon/user.png"
  //     }
  //   ]
  // },
  "globalStyle": {
    "navigationBarTextStyle": "black",
    "navigationBarTitleText": "uni-app",
    "navigationBarBackgroundColor": "#F8F8F8",
    "backgroundColor": "#F8F8F8",
    "navigationStyle": "custom",
    "softinputNavBar": "none",
    "softinputMode": "adjustResize",
    "disableScroll": true,
    // 禁止滚动, 解决scroll-view在Android小程序卡顿的问题
    "app-plus": {
      "bounce": "none"
      // 取消iOS回弹,避免和下拉刷新冲突 (小程序无法取消, 点此查看H5端的取消方法... )
    }
  },
	"condition" : { //模式配置，仅开发期间生效
		"current": 0, //当前激活的模式(list 的索引项)
		"list": [
			{
				"name": "", //模式名称
				"path": "", //启动页面，必选
				"query": "" //启动参数，在页面的onLoad函数里面得到
			}
		]
	}
}
